W	C50	Italian Game: Giuoco Piano	e4 e5 Nf3 Nc6 Bc4 Bc5 c3 Nf6 d4 exd4 cxd4 Bb4 Bd2 Bxd2 Nbxd2 d5 exd5 Nxd5 Qb3
W	C84	Ruy Lopez: Closed	e4 e5 Nf3 Nc6 Bb5 a6 Ba4 Nf6 O-O Be7 Re1 b5 Bb3 d6 c3 O-O h3
W	C44	Scotch Game	e4 e5 Nf3 Nc6 d4 exd4 Nxd4 Nf6 Nxc6 bxc6 e5 Qe7 Qe2 Nd5 c4
W	C29	Vienna Game: Vienna Gambit	e4 e5 Nc3 Nf6 f4 d5 fxe5 Nxe4 Nf3 Be7 d4 O-O Bd3
W	C39	King's Gambit Accepted: Kieseritzky Gambit	e4 e5 f4 exf4 Nf3 g5 h4 g4 Ne5
W	D60	Queen's Gambit Declined: Orthodox Defense	d4 d5 c4 e6 Nc3 Nf6 Bg5 Be7 e3 O-O Nf3 Nbd7 Rc1
W	D26	Queen's Gambit Accepted: Classical Defense	d4 d5 c4 dxc4 Nf3 Nf6 e3 e6 Bxc4 c5 O-O a6 a4
W	A48	London System	d4 d5 Bf4 Nf6 e3 e6 Nf3 c5 c3 Nc6 Nbd2 Bd6 Bg3
W	A20	English Opening: King's English Variation	c4 e5 Nc3 Nf6 g3 d5 cxd5 Nxd5 Bg2 Nb6 Nf3 Nc6 O-O
W	E01	Catalan Opening: Open Defense	d4 Nf6 c4 e6 g3 d5 Bg2 dxc4 Nf3 Be7 O-O O-O Qc2
B	B90	Sicilian Defense: Najdorf Variation	e4 c5 Nf3 d6 d4 cxd4 Nxd4 Nf6 Nc3 a6 Be3 e5 Nb3 Be6 f3 Be7
B	B70	Sicilian Defense: Dragon Variation	e4 c5 Nf3 d6 d4 cxd4 Nxd4 Nf6 Nc3 g6 Be3 Bg7 f3 O-O Qd2 Nc6
B	C02	French Defense: Advance Variation	e4 e6 d4 d5 e5 c5 c3 Nc6 Nf3 Qb6 a3 c4
B	B18	Caro-Kann Defense: Classical Variation	e4 c6 d4 d5 Nc3 dxe4 Nxe4 Bf5 Ng3 Bg6 h4 h6 Nf3 Nd7
B	B12	Caro-Kann Defense: Advance Variation	e4 c6 d4 d5 e5 Bf5 Nf3 e6 Be2 c5
B	B01	Scandinavian Defense: Main Line	e4 d5 exd5 Qxd5 Nc3 Qa5 d4 Nf6 Nf3 c6 Bc4 Bf5
B	B08	Pirc Defense: Classical Variation	e4 d6 d4 Nf6 Nc3 g6 Nf3 Bg7 Be2 O-O O-O c6
B	C42	Petrov's Defense: Classical Attack	e4 e5 Nf3 Nf6 Nxe5 d6 Nf3 Nxe4 d4 d5 Bd3 Nc6
B	D17	Slav Defense: Czech Variation	d4 d5 c4 c6 Nf3 Nf6 Nc3 dxc4 a4 Bf5 e3 e6 Bxc4 Bb4
B	E91	King's Indian Defense: Orthodox Variation	d4 Nf6 c4 g6 Nc3 Bg7 e4 d6 Nf3 O-O Be2 e5 O-O Nc6 d5 Ne7
B	E32	Nimzo-Indian Defense: Classical Variation	d4 Nf6 c4 e6 Nc3 Bb4 Qc2 O-O a3 Bxc3 Qxc3 d5
B	D85	Grünfeld Defense: Exchange Variation	d4 Nf6 c4 g6 Nc3 d5 cxd5 Nxd5 e4 Nxc3 bxc3 Bg7 Nf3 c5
B	A86	Dutch Defense: Leningrad Variation	d4 f5 g3 Nf6 Bg2 g6 Nf3 Bg7 O-O O-O c4 d6
B	D32	Queen's Gambit Declined: Tarrasch Defense	d4 d5 c4 e6 Nc3 c5 cxd5 exd5 Nf3 Nc6 g3 Nf6 Bg2 Be7
